"subject","version","assignmentId","instructions_time","total_time","gender","s1_bonus","write_down","comments","tr_choices","tr_resp","tr_resp2","tr_resp_correct","tr_resp2_correct","stamp","id"
"A1Y55YV1WA1TTD","cs_wg_v2_real3","39DD6S19JPC3QAUXYBVOA0VL67WEZG","79689","2397831","Male","360","No","none","[0,1,0,1,1,0,1,0,1,0,0,1,0,0,1,1,0,1,0,0,1,0,1,0,0,0,1,0,1,1,1,1,0,1,1,1,0,1,0,1,1,0,1,1,0,1,0,0,1,0,1,1,0,0,1,1,0,1,0,1,1,0,1,0,1,0,1,0,0,0,1,0,0,1,0,1,0,1,1,0,0,0,0,1,1,1,1,1,0,0,1,0,0,1,1,1,0,1,1,1,0,1,1,1,0,0,1,1,1,0,1,1,0,1,1,0,1,0,1,1]","[""Community"",""Doorway"",""keyboard"",""bookshelf"",""structure"",""helicopter"",""basket"",""helicopter"",""traffic"",""community"",""stomach"",""ladder"",""helicopter"",""mountain"",""ladder"",""bookshelf"",""basket"",""traffic"",""bookshelf"",""chocolate"",""keyboard"",""elephant"",""doorway"",""mountain"",""elephant"",""chocolate"",""keyboard"",""community"",""stomach"",""umbrella"",""keyboard"",""mountain"",""football"",""mountain"",""chocolate"",""doorway"",""football"",""umbrella"",""doorway"",""military"",""stomach"",""sunlight"",""football"",""keyboard "",""community"",""stomach"",""machine"",""basket"",""fortune"",""structure"",""structure"",""stomach"",""football"",""community"",""machine"",""keyboard"",""community"",""stomach"",""fortune"",""helicopter"",""structure"",""football"",""mountain"",""elephant"",""machine "",""wedding"",""traffic "",""machine"",""mountain"",""community"",""bookshelf"",""doorway"",""community "",""basket"",""elephant"",""structure"",""football"",""structure"",""umbrella "",""umbrella"",""machine"",""sunlight"",""military"",""helicopter"",""sunlight"",""traffic"",""wedding"",""elephant"",""umbrella"",""mountain"",""basket"",""ladder"",""basket "",""stomach"",""military"",""chocolate"",""keyboard"",""machine"",""wedding"",""bookshelf"",""traffic"",""umbrella"",""military"",""elephant"",""mountain"",""machine"",""doorway"",""umbrella"",""fortune"",""ladder"",""umbrella"",""fortune"",""ladder"",""bookshelf"",""wedding"",""elephant"",""bookshelf"",""keyboard"",""sunlight"",""chocolate""]","[""3"",""5"",""4"",""-5\n-5"",""4"",""-1"",""-1"",""-1"",""-1"",""4"",""2"",""-3"",""-1"",""-2"",""-4"",""-5"",""-1"",""-5"",""-5"",""1"",""4"",""3"",""5"",""-2"",""3"",""1"",""5"",""3"",""2"",""-4"",""4"",""-2"","" 2"",""-2"",""1"",""5"",""2"",""-4"",""5"",""1"",""2"",""-2"","" 2"",""4"",""3`"",""2"",""-3"",""-1"",""5"",""5"",""4"",""2"",""2"",""3"",""-3"",""4"",""3"",""2"",""5"",""-1"",""4"","" 2"",""-3"",""3"",""-3"",""-3"",""-5"",""-3"",""-2"",""3"",""-5"",""5"",""3`"",""-1 "",""3"",""4"",""2"",""4"",""-4"",""-4"",""-3"",""-2"",""1"",""-1"",""-2"",""-5"",""-3"",""3"",""-4"",""-2"",""-1"",""-4"",""-1"",""2"",""1"",""1"",""4"",""-3"",""-3"",""-5"",""-5"",""-4"",""1"",""3"",""-2"",""-3"",""5"",""-4"",""5"",""-4"",""-4"",""5"",""-4"",""-5"",""-3"",""3"",""-5"",""4"",""-2"",""1""]","[""community"",""doorway"",""keyboard"",""bookshelf"",""structure"",""helicopter"",""basket"",""helicopter"",""traffic"",""community"",""stomach"",""ladder"",""helicopter"",""mountain"",""ladder"",""bookshelf"",""basket"",""traffic"",""bookshelf"",""chocolate"",""keyboard"",""elephant"",""doorway"",""mountain"",""elephant"",""chocolate"",""keyboard"",""community"",""stomach"",""umbrella"",""keyboard"",""mountain"",""football"",""mountain"",""chocolate"",""doorway"",""football"",""umbrella"",""doorway"",""military"",""stomach"",""sunlight"",""football"",""keyboard"",""community"",""stomach"",""machine"",""basket"",""fortune"",""structure"",""structure"",""stomach"",""football"",""community"",""machine"",""keyboard"",""community"",""stomach"",""fortune"",""helicopter"",""structure"",""football"",""mountain"",""elephant"",""machine"",""wedding"",""traffic"",""machine"",""mountain"",""community"",""bookshelf"",""doorway"",""community"",""basket"",""elephant"",""structure"",""football"",""structure"",""umbrella"",""umbrella"",""machine"",""sunlight"",""military"",""helicopter"",""sunlight"",""traffic"",""wedding"",""elephant"",""umbrella"",""mountain"",""basket"",""ladder"",""basket"",""stomach"",""military"",""chocolate"",""keyboard"",""machine"",""wedding"",""bookshelf"",""traffic"",""umbrella"",""military"",""elephant"",""mountain"",""machine"",""doorway"",""umbrella"",""fortune"",""ladder"",""umbrella"",""fortune"",""ladder"",""bookshelf"",""wedding"",""elephant"",""bookshelf"",""keyboard"",""sunlight"",""chocolate""]","[3,5,4,-5,4,-1,-1,-1,-5,3,2,-4,-1,-2,-4,-5,-1,-5,-5,1,4,3,5,-2,3,1,4,3,2,-4,4,-2,2,-2,1,5,2,-4,5,1,2,-2,2,4,3,2,-3,-1,5,4,4,2,2,3,-3,4,3,2,5,-1,4,2,-2,3,-3,-3,-5,-3,-2,3,-5,5,3,-1,3,4,2,4,-4,-4,-3,-2,1,-1,-2,-5,-3,3,-4,-2,-1,-4,-1,2,1,1,4,-3,-3,-5,-5,-4,1,3,-2,-3,5,-4,5,-4,-4,5,-4,-5,-3,3,-5,4,-2,1]","2017-02-22 15:31:05","131"
"A610SH5RY1NG1","cs_wg_v2_real3","3IGI0VL647LVLCT3P1NQKPIQ0VUOND","34893","2058172","Male","321","No","I tried to remember as many words as I could, but was not successful. ","[0,0,0,0,0,0,0,0,0,0,1,0,1,1,0,0,0,1,1,0,1,1,0,0,0,1,1,0,1,1,1,1,0,0,0,1,0,0,1,0,0,1,0,1,1,1,1,0,0,0,1,0,0,0,1,1,0,0,1,0,0,0,0,0,0,0,1,1,0,0,1,0,0,1,1,0,0,1,0,0,0,1,0,1,1,0,1,0,1,0,0,1,1,1,0,0,0,0,1,0,0,1,1,1,0,1,0,1,0,0,0,0,1,1,0,0,0,0,1,0]","[""bookshelf"",""military"",""traffic"",""basket"",""fortune"",""ELEPHANT"",""COMMUNITY"",""FORTUNE"",""CHOCOLATE"",""FOOTBALL"",""MOUNTAIN"",""HELICOPTER"",""BOOKSHELF"",""MOUNTAIN"",""KEYBOARD"",""BOOKSHELF"",""BASKET"",""MOUNTAIN"",""KEYBOARD"",""STRUCTURE"",""UMBRELLA"",""KEYBOARD"",""WEDDING"",""DOORWAY"",""STOMACH"",""STRUCTURE"",""STOMACH"",""HELICOPTER"",""LADDER"",""keyboard"",""FORTUNE"",""ELEPHANT"",""MOUNTAIN"",""MACHINE"",""CHOCOLATE"",""STOMACH"",""DOORWAY"",""WEDDING"",""BOOKSHELF"",""STRUCTURE"",""LADDER"",""SUNLIGHT"",""WEDDING"",""SUNLIGHT"",""ELEPHANT"",""FOOTBALL"",""WEDDING"",""DOORWAY"",""STOMACH"",""LADDER"",""MACHINE"",""COMMUNITY"",""COMMUNITY"",""CHOCOLATE"",""LADDER"",""COMMUNITY"",""STRUCTURE"",""LADDER"",""CHOCOLATE"",""Traffic"",""BASKET"",""FORTUNE"",""MILITARY"",""MACHINE"",""HELICOPTER"",""WEDDING"",""DOORWAY"",""STRUCTURE"",""MACHINE"",""ELEPHANT"",""MACHINE"",""MACHINE"",""TRAFFIC"",""KEYBOARD"",""ELEPHANT"",""FOOTBALL"",""WEDDING"",""ELEPHANT"",""TRAFFIC"",""KEYBOARD"",""UMBRELLA"",""MOUNTAIN"",""STRUCTURE"",""UMBRELLA"",""HELICOPTER"",""CHOCOLATE"",""MILITARY"",""STRUCTURE"",""DOORWAY"",""FORTUNE"",""CHOCOLATE"",""FOOTBALL"",""MILITARY"",""FORTUNE"",""BASKET"",""HELICOPTER"",""UMBRELLA"",""STOMACH"",""FOOTBALL"",""SUNLIGHT"",""BOOKSHELF"",""FORTUNE"",""FOOTBALL"",""STOMACH"",""BOOKSHELF"",""SUNLIGHT"",""STOMACH"",""MOUNTAIN"",""MOUNTAIN"",""CHOCOLATE"",""Chocolate"",""STOMACH"",""UMBRELLA"",""CHOCOLATE"",""BOOKSHELF"",""MACHINE"",""UMBRELLA"",""SUNLIGHT"",""STRUCTURE"",""MOUNTAIN""]","[""-3"",""1"",""-2"",""2"",""2"",""-2"",""-3"",""2"",""4"",""-5"",""5"",""4"",""-3"",""5"",""-5"",""-3"",""3"",""5"",""-5"",""-1"",""-4"",""-5"",""3"",""-4"",""-1"",""-1"",""-1"",""4"",""1"",""-5"",""2"",""-2"",""5"",""5"",""4"",""-1"",""-4"",""3"",""-3"",""-1"",""1"",""2"",""3"",""2"",""-2"",""-5"",""3"",""-4"",""-1"",""1"",""5"",""-3"",""-3"",""4"",""1"",""-3"",""-1"",""1"",""4"",""-2"",""3"",""2"",""1"",""5"",""4"",""3"",""-4"",""-1"",""5"",""-2"",""5"",""5"",""-2"",""-5"",""-2"",""-5"",""3"",""-2"",""-2"",""-5"",""-4"",""5"",""-1"",""-4"",""4"",""4"",""1"",""-1"",""-4"",""2"",""4"",""-5"",""1"",""2"",""3"",""4"",""-4"",""-1"",""-5"",""2"",""-3"",""1"",""-5"",""-1"",""-3"",""2"",""-1"",""5"",""5"",""4"",""-2"",""-1"",""-4"",""4"",""-3"",""5"",""-4"",""2"",""-1"",""5""]","[""bookshelf"",""military"",""traffic"",""basket"",""fortune"",""elephant"",""community"",""fortune"",""chocolate"",""football"",""mountain"",""helicopter"",""bookshelf"",""mountain"",""keyboard"",""bookshelf"",""basket"",""mountain"",""keyboard"",""structure"",""umbrella"",""keyboard"",""wedding"",""doorway"",""stomach"",""structure"",""stomach"",""helicopter"",""ladder"",""keyboard"",""fortune"",""elephant"",""mountain"",""machine"",""chocolate"",""stomach"",""doorway"",""wedding"",""bookshelf"",""structure"",""ladder"",""sunlight"",""wedding"",""sunlight"",""elephant"",""football"",""wedding"",""doorway"",""stomach"",""ladder"",""machine"",""community"",""community"",""chocolate"",""ladder"",""community"",""structure"",""ladder"",""chocolate"",""traffic"",""basket"",""fortune"",""military"",""machine"",""helicopter"",""wedding"",""doorway"",""structure"",""machine"",""elephant"",""machine"",""machine"",""traffic"",""keyboard"",""elephant"",""football"",""wedding"",""elephant"",""traffic"",""keyboard"",""umbrella"",""mountain"",""structure"",""umbrella"",""helicopter"",""chocolate"",""military"",""structure"",""doorway"",""fortune"",""chocolate"",""football"",""military"",""fortune"",""basket"",""helicopter"",""umbrella"",""stomach"",""football"",""sunlight"",""bookshelf"",""fortune"",""football"",""stomach"",""bookshelf"",""sunlight"",""stomach"",""mountain"",""mountain"",""chocolate"",""elephant"",""stomach"",""umbrella"",""chocolate"",""bookshelf"",""machine"",""umbrella"",""sunlight"",""structure"",""mountain""]","[-3,1,-2,3,2,-2,-3,2,4,-5,5,4,-3,5,-5,-3,3,5,-5,-1,-4,-5,3,-4,-1,-1,-1,4,1,-5,2,-2,5,5,4,-1,-4,3,-3,-1,1,2,3,2,-2,-5,3,-4,-1,1,5,-3,-3,4,1,-3,-1,1,4,-2,3,2,1,5,4,3,-4,-1,5,-2,5,5,-2,-5,-2,-5,3,-2,-2,-5,-4,5,-1,-4,4,4,1,-1,-4,2,4,-5,1,2,3,4,-4,-1,-5,2,-3,2,-5,-1,-3,2,-1,5,5,4,-2,-1,-4,4,-3,5,-4,2,-1,5]","2017-02-22 15:39:11","132"
"A2WT6FV92737W6","cs_wg_v2_real3","3XC1O3LBOSNLA4VQ95TA17KOU8BLTU","158313","3198551","Male","336","No","To write down the words I remembered and then count the letters according to what the questions were asking. Then I would try and type the best answer.","[1,1,1,0,1,0,0,0,0,0,1,0,1,1,1,0,1,0,0,1,0,0,1,0,1,1,0,0,1,0,0,0,1,1,0,1,1,1,1,1,1,1,0,1,0,0,0,1,1,1,0,1,0,1,0,0,1,0,0,1,0,1,0,1,1,1,1,0,0,0,1,0,1,0,1,0,0,0,1,0,0,0,0,0,0,0,0,1,1,1,0,1,0,0,0,0,1,0,1,1,1,0,1,1,1,0,1,1,0,1,1,0,0,0,0,1,0,0,0,0]","[""Fortune"",""Fortune"",""Chocolate"",""Chocolate"",""Doorway"",""Sunlight"",""Basket"",""Sunlight"",""Football"",""Military"",""Stomach"",""Military"",""Elephant"",""Bookshelf"",""Ladder"",""Community"",""Umbrella"",""Stomach"",""Doorway"",""Ladder"",""Umbrella"",""Wedding"",""Bookshelf"",""Keyboard"",""Football"",""Mountain"",""Helicopter"",""Wedding"",""Mountain"",""Structure"",""Wedding"",""Basket"",""Keyboard"",""Wedding"",""Doorway"",""Helicopter"",""Elephant"",""Wedding"",""Community"",""Bookshelf"",""Helicopter"",""Basket"",""Fortune"",""Community"",""Machine"",""Chocolate"",""Wedding"",""Military"",""Sunlight"",""Machine"",""Machine"",""Football"",""Elephant"",""Machine"",""Military"",""Chocolate"",""Military"",""Keyboard"",""Sunlight"",""Machine"",""Chocolate"",""Wedding"",""Elephant"",""Mountain"",""Sunlight"",""Machine"",""Structure"",""Traffic"",""Keyboard"",""Community"",""Community"",""Elephant"",""Ladder"",""Fortune"",""Football"",""Military"",""Football"",""Ladder"",""Military"",""Bookshelf"",""Bookshelf"",""Basket"",""Chocolate"",""Chocolate"",""Fortune"",""Sunlight"",""Traffic"",""Chocolate"",""Doorway"",""Wedding"",""Football"",""Ladder"",""Helicopter"",""Structure"",""Football"",""Helicopter"",""Doorway"",""Umbrella"",""Community"",""Umbrella"",""Structure"",""Umbrella"",""Stomach"",""Keyboard"",""Keyboard"",""\nFortune"",""Fortune"",""Mountain"",""Stomach"",""Umbrella"",""Basket"",""Traffic"",""Traffic"",""Ladder"",""Fortune"",""Basket"",""Machine"",""Ladder"",""Sunlight"",""Ladder""]","[""2"",""2"",""4"",""4"",""-4"",""-4"",""-1"",""-4"",""4"",""-5"",""5"",""-5"",""-3"",""1"",""-2"",""1"",""-2"",""5"",""-4"",""-2"",""-2"",""3"",""1"",""2"",""4"",""-5"",""3"",""3"",""-5"",""5"",""3"",""-1"",""2"",""3"",""-4"",""3"",""-3"",""3"",""1"",""1"",""3"",""-1"",""2"",""1"",""-1"",""4"",""3"",""-5"",""-4"",""-1"",""-1"",""4"",""-3"",""-1"",""-5"",""4"",""-5"",""2"",""-4"",""-1"",""4"",""3"",""-3"",""-5"",""-4"",""-1"",""5"",""-3"",""2"",""1"",""1"",""-3"",""-2"",""2"",""4"",""-5"",""4"",""-2"",""-5"",""1"",""1"",""-1"",""4"",""4"",""2"",""-4"",""-3"",""4"",""-4"",""3"",""4"",""-2"",""3"",""5"",""4"",""3"",""-4"",""-2"",""1"",""-2"",""5"",""-2"",""5"",""2"",""2"",""2"",""2"",""-5"",""5"",""-2"",""-1"",""-3"",""-3"",""-2"",""2"",""-1"",""-1"",""-2"",""-4"",""-2\n-2""]","[""fortune"",""fortune"",""chocolate"",""chocolate"",""doorway"",""sunlight"",""basket"",""sunlight"",""football"",""military"",""stomach"",""military"",""elephant"",""bookshelf"",""ladder"",""community"",""umbrella"",""stomach"",""doorway"",""ladder"",""umbrella"",""wedding"",""bookshelf"",""keyboard"",""football"",""mountain"",""helicopter"",""wedding"",""mountain"",""structure"",""wedding"",""basket"",""keyboard"",""wedding"",""doorway"",""helicopter"",""elephant"",""wedding"",""community"",""bookshelf"",""helicopter"",""basket"",""fortune"",""community"",""machine"",""chocolate"",""wedding"",""military"",""sunlight"",""machine"",""machine"",""football"",""elephant"",""machine"",""military"",""chocolate"",""military"",""keyboard"",""sunlight"",""machine"",""chocolate"",""wedding"",""elephant"",""mountain"",""sunlight"",""machine"",""structure"",""traffic"",""keyboard"",""community"",""community"",""elephant"",""ladder"",""fortune"",""football"",""military"",""football"",""ladder"",""military"",""bookshelf"",""bookshelf"",""basket"",""chocolate"",""chocolate"",""fortune"",""sunlight"",""traffic"",""chocolate"",""doorway"",""wedding"",""football"",""ladder"",""helicopter"",""structure"",""football"",""helicopter"",""doorway"",""umbrella"",""community"",""umbrella"",""structure"",""umbrella"",""stomach"",""keyboard"",""keyboard"",""fortune"",""fortune"",""mountain"",""stomach"",""umbrella"",""basket"",""traffic"",""traffic"",""ladder"",""fortune"",""basket"",""machine"",""ladder"",""sunlight"",""ladder""]","[2,2,4,4,-4,-4,-1,-4,4,-5,5,-5,-3,1,-2,1,-2,5,-4,-2,-2,3,1,2,4,-5,3,3,-5,5,3,-1,2,3,-4,3,-3,3,1,1,3,-1,2,1,-1,4,3,-5,-4,-1,-1,4,-3,-1,-5,4,-5,2,-4,-1,4,3,-3,-5,-4,-1,5,-3,2,1,1,-3,-2,2,4,-5,4,-2,-5,1,1,-1,4,4,2,-4,-3,4,-4,3,4,-2,3,5,4,3,-4,-2,1,-2,5,-2,5,2,2,2,2,-5,5,-2,-1,-3,-3,-2,2,-1,-1,-2,-4,-2]","2017-02-22 15:44:23","133"
"ACN0C9HPYDTED","cs_wg_v2_real3","3P1L2B7AD1Q5XCQIDO7B7XE1V0UOLB","26522","3651505","Male","313","No","My strategy was to think of the words I could remember and decide which was best for each rule.","[0,0,1,0,1,0,0,1,0,0,0,0,1,1,0,0,1,0,0,0,1,1,0,1,0,1,1,0,1,1,0,1,1,1,0,1,0,0,0,0,0,0,1,0,1,1,1,1,1,0,0,0,1,0,0,1,1,1,1,1,0,1,1,1,1,1,1,0,1,1,1,0,1,0,1,0,0,1,1,1,0,0,1,0,0,1,1,1,0,0,0,0,0,1,1,0,0,1,0,1,0,1,0,0,1,0,1,1,0,1,0,0,1,1,0,0,1,0,0,1]","[""umbrella"",""elephant"",""stomach"",""structure"",""traffic"",""football"",""stomach"",""chocolate"",""doorway"",""doorway"",""football"",""keyboard"",""fortune"",""doorway"",""machine"",""bookshelf"",""doorway"",""ladder"",""structure"",""stomach"",""structure"",""sunlight"",""helicopter"",""doorway"",""ladder"",""mountain"",""wedding"",""umbrella"",""wedding"",""wedding"",""football"",""traffic"",""football"",""chocolate"",""keyboard"",""mountain"",""basket"",""bookshelf"",""machine"",""military"",""furtune"",""stomach"",""keyboard"",""basket"",""fortune"",""traffic"",""elephant"",""keyboard"",""stomach"",""chocolate"",""football"",""football"",""bookshelf"",""chocolate"",""sunlight"",""helicopter"",""bookshelf"",""machine"",""elephant"",""machine"",""bookshelf"",""umbrella"",""community"",""bookshelf"",""chocolate"",""sunlight"",""mountain"",""structure"",""structure"",""community"",""wedding"",""ladder"",""ladder"",""stomach"",""chocolate"",""military"",""keyboard"",""wedding"",""doorway"",""doorway"",""machine"",""wedding"",""helicopter"",""military"",""community"",""mountain"",""wedding"",""mountain"",""structure"",""foretune"",""community"",""umbrella"",""keyboards"",""bookshelf"",""military"",""football"",""basket"",""basket"",""bookshelf"",""elephant"",""umbrella"",""ladder"",""ladder"",""basket"",""military"",""structure"",""helicopter"",""wedding"",""community"",""ladder"",""umbrella"",""basket"",""helicopter"",""traffic"",""sunlight"",""basket"",""doorway"",""umbrella"",""basket"",""stomach""]","[""5"",""7"",""3"",""1"",""5"",""4"",""3"",""1"",""2"",""2"",""4"",""2"",""3"",""2"",""1"",""1"",""2"",""1"",""1"",""3"",""1"",""5"",""4"",""2"",""3"",""4"",""2"",""5"",""2"",""2"",""4"",""5"",""4"",""1"",""2"",""4"",""2"",""1"",""1"",""5"",""3"",""3"",""2"",""2"",""3"",""5"",""4"",""2"",""3"",""1"",""4"",""4"",""1"",""1"",""5"",""4"",""1"",""1"",""4"",""1"",""1"",""5"",""3"",""1"",""1"",""5"",""4"",""1"",""1"",""3"",""2"",""3"",""1"",""3"",""1"",""5"",""2"",""2"",""2"",""2"",""1"",""1"",""4"",""5"",""3"",""4"",""2"",""4"",""1"",""3"",""3"",""5"",""2"",""1"",""5"",""4"",""2"",""2"",""1"",""4"",""5"",""3"",""3"",""2"",""5"",""1"",""4"",""2"",""3"",""3"",""5"",""2"",""4"",""5"",""5"",""2"",""2"",""5"",""2"",""3""]","[""umbrella"",""elephant"",""stomach"",""structure"",""traffic"",""football"",""stomach"",""chocolate"",""doorway"",""doorway"",""football"",""keyboard"",""fortune"",""doorway"",""machine"",""bookshelf"",""doorway"",""ladder"",""structure"",""stomach"",""structure"",""sunlight"",""helicopter"",""doorway"",""ladder"",""mountain"",""wedding"",""umbrella"",""wedding"",""wedding"",""football"",""traffic"",""football"",""chocolate"",""keyboard"",""mountain"",""basket"",""bookshelf"",""machine"",""military"",""fortune"",""stomach"",""keyboard"",""basket"",""fortune"",""traffic"",""elephant"",""keyboard"",""stomach"",""chocolate"",""football"",""football"",""bookshelf"",""chocolate"",""sunlight"",""helicopter"",""bookshelf"",""machine"",""elephant"",""machine"",""bookshelf"",""umbrella"",""community"",""bookshelf"",""chocolate"",""sunlight"",""mountain"",""structure"",""structure"",""community"",""wedding"",""ladder"",""machine"",""stomach"",""chocolate"",""military"",""keyboard"",""wedding"",""doorway"",""doorway"",""machine"",""wedding"",""helicopter"",""military"",""community"",""mountain"",""wedding"",""mountain"",""structure"",""fortune"",""community"",""umbrella"",""keyboard"",""bookshelf"",""military"",""football"",""basket"",""basket"",""bookshelf"",""elephant"",""umbrella"",""ladder"",""ladder"",""basket"",""military"",""structure"",""helicopter"",""wedding"",""community"",""ladder"",""umbrella"",""basket"",""helicopter"",""traffic"",""sunlight"",""basket"",""doorway"",""umbrella"",""basket"",""stomach""]","[5,4,-3,-1,-5,4,-3,1,2,2,4,-2,-3,2,1,-1,2,3,-1,-3,-1,-5,-4,2,3,-4,-2,5,-2,-2,4,-5,4,1,-2,-4,2,-1,1,5,-3,-3,-2,2,-3,-5,4,-2,-3,1,4,4,-1,1,-5,-4,-1,1,4,1,-1,5,3,-1,1,-5,-4,-1,-1,3,-2,3,1,-3,1,5,-2,-2,2,2,1,-2,-4,5,3,-4,-2,-4,-1,-3,3,5,-2,-1,5,4,2,2,-1,4,5,3,3,2,5,-1,-4,-2,3,3,5,2,-4,-5,-5,2,2,5,2,-3]","2017-02-22 16:03:22","134"
"A3RL02A3JRAUS4","cs_wg_v2_real3","3K772S5NP8CHZPU3SPPHATRGAHFHET","102042","3220297","Female","242","No","This was pretty fun, usually I wouldn't do well with this kind of task but somehow I was able to focus really good today and actually remember the words (my short term memory is usually very bad compared to my long term memory).  I tried to think of the words in the order I originally saw them in Part 1.","[0,0,1,1,0,1,1,0,0,0,1,0,1,0,0,1,0,0,1,0,0,0,0,1,0,1,0,1,0,0,1,0,1,0,1,1,0,0,1,0,1,1,0,1,1,1,1,0,0,1,0,0,1,0,0,0,0,1,0,1,0,0,0,0,0,0,1,0,0,1,1,0,0,0,0,1,0,1,1,0,1,1,0,0,0,0,0,1,0,1,0,0,0,0,1,0,1,0,0,0,0,0,1,0,1,0,1,0,0,0,0,0,0,1,0,1,1,0,0,0]","[""Community"",""Chocolate"",""Helicopter"",""Elephant"",""Wedding"",""Chocolate"",""MILITARY"",""Machine"",""MILITARY"",""DOORWAY "",""WEDDING"",""STOMACH "",""HELICOPTER"",""FORTUNE"",""FOOTBALL "",""MOUNTAIN"",""UMBRELLA "",""UMBRELLA "",""BASKET"",""CHOCOLATE "",""DOORWAY "",""FORTUNE "",""FOOTBALL "",""STOMACH"",""ELEPHANT "",""SUNLIGHT"",""DOORWAY "",""UMBRELLA"",""BOOKSHELF "",""KEYBOARD "",""FORTUNE"",""MILITARY "",""MOUNTAIN"",""WEDDING "",""KEYBOARD"",""SUNLIGHT"",""TRAFFIC "",""CHOCOLATE "",""STOMACH"",""HELICOPTER "",""SUNLIGHT"",""STRUCTURE"",""COMMUNITY "",""STRUCTURE"",""FORTUNE"",""BOOKSHELF"",""HELICOPTER"",""MACHINE "",""FOOTBALL "",""Mountain"",""MACHINE "",""TRAFFIC "",""HELICOPTER"",""BOOKSHELF "",""BOOKSHELF "",""WEDDING "",""Traffic"",""KEYBOARD"",""UMBRELLA "",""KEYBOARD"",""DOORWAY "",""FOOTBALL "",""MACHINE "",""MILITARY "",""DOORWAY "",""SUNLIGHT "",""WEDDING"",""MILITARY "",""TRAFFIC "",""CHOCOLATE"",""BASKET"",""Community"",""FORTUNE "",""COMMUNITY"",""MACHINE "",""STRUCTURE"",""LADDER "",""SUNLIGHT"",""KEYBOARD"",""MACHINE "",""MACHINE"",""MOUNTAIN"",""TRAFFIC "",""BASKET "",""FOOTBALL "",""ELEPHANT "",""LADDER "",""DOORWAY"",""WEDDING "",""MOUNTAIN"",""WEDDING "",""MOUNTAIN "",""KEYBOARD "",""BOOKSHELF "",""ELEPHANT"",""FOOTBALL "",""FOOTBALL"",""BOOKSHELF "",""TRAFFIC "",""STOMACH "",""UMBRELLA "",""MILITARY "",""STRUCTURE"",""MACHINE "",""CHOCOLATE"",""BASKET "",""LADDER"",""LADDER"",""MOUNTAIN "",""CHOCOLATE "",""ELEPHANT "",""BOOKSHELF "",""MILITARY "",""COMMUNITY"",""MOUNTAIN "",""KEYBOARD"",""CHOCOLATE"",""UMBRELLA "",""FOOTBALL "",""HELICOPTER ""]","[""-4"",""-5"",""-4"",""-3"",""3"",""-5"",""1"",""-3"",""1"",""4"",""3"",""1"",""-4"",""5"",""3"",""4"",""2"",""2"",""2"",""-5"",""4"",""5"",""3"",""1"",""-3"",""-1"",""4"",""2"",""-1"",""-5"",""5"",""1"",""4"",""3"",""-5"",""-1"",""-2"",""-5"",""1"",""-4"",""-1"",""-2"",""-4"",""-2"",""5"",""-1"",""-4"",""-3"",""3"",""4"",""-3"",""-2"",""-4"",""-1"",""-1"",""3"",""-2"",""-5"",""2"",""-5"",""4"",""3"",""-3"",""1"",""4"",""-1"",""3"",""1"",""-2"",""-5"",""2"",""-4"",""5"",""-4"",""-3"",""-2"",""5"",""-1"",""-5"",""-3"",""-3"",""4"",""-2"",""2"",""3"",""-3"",""5"",""4"",""3"",""4"",""3"",""4"",""-5"",""-1"",""-3"",""3"",""3"",""-1"",""-2"",""1"",""2"",""1"",""-2"",""-3"",""-5"",""2"",""5"",""5"",""4"",""-5"",""-3"",""-1"",""1"",""-4"",""4"",""-5"",""-5"",""2"",""3"",""-4""]","[""community"",""chocolate"",""helicopter"",""elephant"",""wedding"",""chocolate"",""military"",""machine"",""military"",""doorway"",""wedding"",""stomach"",""helicopter"",""fortune"",""football"",""mountain"",""umbrella"",""umbrella"",""basket"",""chocolate"",""doorway"",""fortune"",""football"",""stomach"",""elephant"",""sunlight"",""doorway"",""umbrella"",""bookshelf"",""keyboard"",""fortune"",""military"",""mountain"",""wedding"",""keyboard"",""sunlight"",""traffic"",""chocolate"",""stomach"",""helicopter"",""sunlight"",""structure"",""community"",""structure"",""fortune"",""bookshelf"",""helicopter"",""machine"",""football"",""mountain"",""machine"",""traffic"",""helicopter"",""bookshelf"",""bookshelf"",""wedding"",""traffic"",""keyboard"",""umbrella"",""keyboard"",""doorway"",""football"",""machine"",""military"",""doorway"",""sunlight"",""wedding"",""military"",""traffic"",""chocolate"",""basket"",""community"",""fortune"",""community"",""machine"",""structure"",""ladder"",""sunlight"",""keyboard"",""machine"",""machine"",""mountain"",""traffic"",""basket"",""football"",""elephant"",""ladder"",""doorway"",""wedding"",""mountain"",""wedding"",""mountain"",""keyboard"",""bookshelf"",""elephant"",""football"",""football"",""bookshelf"",""traffic"",""stomach"",""umbrella"",""military"",""structure"",""machine"",""chocolate"",""basket"",""ladder"",""ladder"",""mountain"",""chocolate"",""elephant"",""bookshelf"",""military"",""community"",""mountain"",""keyboard"",""chocolate"",""umbrella"",""football"",""helicopter""]","[-4,-5,-4,-3,3,-5,1,-3,1,4,3,1,-4,5,3,4,2,2,2,-5,4,5,3,1,-3,-1,4,2,-1,-5,5,1,4,3,-5,-1,-2,-5,1,-4,-1,-2,-4,-2,5,-1,-4,-3,3,4,-3,-2,-4,-1,-1,3,-2,-5,2,-5,4,3,-3,1,4,-1,3,1,-2,-5,2,-4,5,-4,-3,-2,5,-1,-5,-3,-3,4,-2,2,3,-3,5,4,3,4,3,4,-5,-1,-3,3,3,-1,-2,1,2,1,-2,-3,-5,2,5,5,4,-5,-3,-1,1,-4,4,-5,-5,2,3,-4]","2017-02-22 17:16:49","135"
"A3U2UNSYDPS933","cs_wg_v2_real3","38BQUHLA9W1P3U83D08Q7ATQV5KOMD","67058","2983013","Female","335","No","couldn't remember the words","[1,0,0,0,0,0,1,1,0,1,0,1,0,0,1,0,0,0,1,0,1,1,1,0,1,1,1,0,1,0,1,1,0,0,1,0,0,0,0,1,0,1,0,1,0,1,0,1,1,1,0,1,1,1,1,1,0,1,1,1,0,0,1,0,1,0,1,1,0,0,1,0,0,1,0,1,1,1,0,1,1,1,1,0,0,1,0,1,0,1,0,0,0,0,0,1,0,1,1,1,1,0,0,0,0,1,0,1,0,1,1,1,1,1,0,0,1,0,1,0]","[""stomach"",""stomach"",""stomach"",""doorway"",""football"",""military"",""umbrella"",""mountain"",""football"",""wedding"",""doorway"",""basket"",""fortune"",""stomach"",""traffic"",""doorway"",""basket"",""structure"",""UMBRELLA"",""CHOCOLATE"",""COMMUNITY"",""KEYBOARD"",""TRAFFIC"",""WEDDING"",""MOUNTAIN"",""TRAFFIC"",""MILITARY"",""MOUNTAIN"",""CHOCOLATE"",""HELICOPTER"",""BOOKSHELF"",""SUNLIGHT"",""MOUNTAIN"",""MACHINE\n\nor"",""COMMUNITY"",""CHOCOLATE"",""BASKET"",""SUNLIGHT"",""BASKET"",""FOOTBALL"",""KEYBOARD"",""STRUCTURE"",""STOMACH"",""COMMUNITY"",""ELEPHANT"",""COMMUNITY"",""STOMACH"",""LADDER"",""DOORWAY"",""UMBRELLA"",""MACHINE"",""MOUNTAIN"",""SUNLIGHT"",""FOOTBALL"",""TRAFFIC"",""KEYBOARD"",""BOOKSHELF"",""MILITARY"",""STRUCTURE"",""WEDDING"",""UMBRELLA"",""WEDDING"",""CHOCOLATE"",""HELICOPTER"",""ELEPHANT"",""UMBRELLA"",""LADDER"",""BASKET"",""LADDER"",""FOOTBALL"",""UMBRELLA"",""BOOKSHELF"",""SUNLIGHT"",""MILITARY"",""TRAFFIC"",""DOORWAY"",""MILITARY"",""FORTUNE"",""DOORWAY"",""ELEPHANT"",""FORTUNE"",""MILITARY"",""CHOCOLATE"",""STRUCTURE"",""HELICOPTER"",""LADDER"",""MILITARY"",""HELICOPTER"",""MACHINE"",""SUNLIGHT"",""STRUCTURE"",""SUNLIGHT"",""SUNLIGHT"",""MILITARY"",""MOUNTAIN"",""COMMUNITY"",""FORTUNE"",""DOORWAY"",""BOOKSHELF"",""TRAFFIC"",""SUNLIGHT"",""UMBRELLA"",""TRAFFIC"",""LADDER"",""STOMACH"",""LADDER"",""ELEPHANT"",""CHOCOLATE"",""MACHINE"",""STOMACH"",""KEYBOARD"",""MOUNTAIN"",""COMMUNITY"",""LADDER"",""ELEPHANT"",""KEYBOARD"",""BOOKSHELF"",""LADDER"",""ELEPHANT"",""FOOTBALL""]","[""-9"",""-9"",""-3"",""-2"",""-5"",""1"",""4"",""-4"",""-5"",""-5"",""-2"",""2"",""5"",""-3"",""4"",""-2"",""2"",""3"",""4"",""1"",""-3"",""5"",""4"",""-5"",""-4"",""4"",""2"",""-4"",""1"",""-1"",""-1"",""-2"",""-4"",""3"",""-3"",""1"",""2"",""-2"",""2"",""-5"",""5"",""3"",""-3"",""-3"",""2"",""-3"",""-3"",""-4"",""-2"",""4"",""3"",""-4"",""-2"",""-5"",""4"",""5"",""-1"",""1"",""3"",""-5"",""4"",""-5"",""1"",""-1"",""2"",""4"",""-4"",""2"",""-4"",""-5"",""4"",""-1"",""-2"",""1"",""4"",""-2"",""1"",""5"",""-2"",""2"",""5"",""1"",""1"",""3"",""-1"",""-4"",""1"",""-1"",""3"",""-2"",""3"",""-2"",""-2"",""1"",""-4"",""-3"",""5"",""-2"",""-1"",""4"",""-2"",""4"",""4"",""-4"",""-3"",""-4"",""2"",""1"",""3"",""-3"",""5"",""-4"",""-3"",""-4"",""2"",""5"",""-1"",""-4"",""2"",""-5""]","[""stomach"",""stomach"",""stomach"",""doorway"",""football"",""military"",""umbrella"",""mountain"",""football"",""wedding"",""doorway"",""basket"",""fortune"",""stomach"",""traffic"",""doorway"",""basket"",""structure"",""umbrella"",""chocolate"",""community"",""keyboard"",""traffic"",""wedding"",""mountain"",""traffic"",""military"",""mountain"",""chocolate"",""helicopter"",""bookshelf"",""sunlight"",""mountain"",""machine"",""community"",""chocolate"",""basket"",""sunlight"",""basket"",""football"",""keyboard"",""structure"",""stomach"",""community"",""elephant"",""community"",""stomach"",""ladder"",""doorway"",""umbrella"",""machine"",""mountain"",""sunlight"",""football"",""traffic"",""keyboard"",""bookshelf"",""military"",""structure"",""wedding"",""umbrella"",""wedding"",""chocolate"",""helicopter"",""elephant"",""umbrella"",""ladder"",""basket"",""ladder"",""football"",""umbrella"",""bookshelf"",""sunlight"",""military"",""traffic"",""doorway"",""military"",""fortune"",""doorway"",""elephant"",""fortune"",""military"",""chocolate"",""structure"",""helicopter"",""ladder"",""military"",""helicopter"",""machine"",""sunlight"",""structure"",""sunlight"",""sunlight"",""military"",""mountain"",""community"",""fortune"",""doorway"",""bookshelf"",""traffic"",""sunlight"",""umbrella"",""traffic"",""ladder"",""stomach"",""ladder"",""elephant"",""chocolate"",""machine"",""stomach"",""keyboard"",""mountain"",""community"",""ladder"",""elephant"",""keyboard"",""bookshelf"",""ladder"",""elephant"",""football""]","[-3,-3,-3,-2,-5,1,4,-4,-5,-5,-2,2,5,-3,4,-2,2,3,4,1,-3,5,4,-5,-4,4,1,-4,1,-1,-1,-2,-4,3,-3,1,2,-2,2,-5,5,3,-3,-3,2,-3,-3,-4,-2,4,3,-4,-2,-5,4,5,-1,1,3,-5,4,-5,1,-1,2,4,-4,2,-4,-5,4,-1,-2,1,4,-2,1,5,-2,2,5,1,1,3,-1,-4,1,-1,3,-2,3,-2,-2,1,-4,-3,5,-2,-1,4,-2,4,4,-4,-3,-4,2,1,3,-3,5,-4,-3,-4,2,5,-1,-4,2,-5]","2017-02-22 17:24:57","136"
"A1YM0IWPC72J7V","cs_wg_v2_real3","3ITXP059PWKE0EUBHKC7BNBAO0SJS1","157828","4058097","Male","353","No","I have been repeating out the words out loud and if a word comes back up, I try to see if it fits.","[0,0,0,0,0,1,0,1,0,1,0,0,0,0,1,1,0,1,1,1,0,0,1,0,0,0,0,0,0,1,0,0,1,1,0,1,1,0,0,1,0,0,1,0,0,1,1,1,1,0,1,0,0,1,0,1,1,1,1,1,1,1,0,0,1,1,0,0,0,0,1,0,0,1,1,0,0,1,1,1,1,1,0,1,1,0,0,0,1,1,0,0,0,1,0,0,0,0,1,0,0,1,1,0,1,1,1,1,0,1,1,0,1,0,0,0,1,0,0,1]","[""Military"",""Ladder"",""Community"",""Wedding"",""Sunlight"",""Helicopter"",""Military"",""Doorway"",""Structure"",""Fortune"",""Elephant"",""Fortune"",""Bookshelf"",""Stomach"",""Mountain"",""Ladder"",""Football"",""Traffic"",""Bookshelf"",""Football"",""Umbrella"",""Keyboard"",""Traffic"",""Mountain"",""Basket"",""Mountain"",""Helicopter"",""Machine"",""Helicopter"",""Miltary"",""Sunlight"",""Umbrella"",""Basket"",""Military"",""Ladder"",""Military"",""Machine"",""Umbrella"",""Fortune"",""Machine"",""Fortune"",""Wedding"",""Traffic"",""Ladder"",""Football"",""Wedding"",""Sunlight"",""Stomach"",""Sunlight"",""Community"",""Machine"",""Wedding"",""Football"",""Sunlight"",""Traffic"",""Community"",""Fortune"",""Wedding"",""Helicopter"",""Football"",""Wedding"",""Chocolate"",""Keyboard"",""Fortune"",""Sunlight"",""Umbrella"",""Basket"",""Ladder"",""Elephant"",""Traffic"",""Keyboard"",""Doorway"",""Helicopter"",""Community"",""Basket"",""Keyboard"",""Helicopter"",""Elephant"",""Ladder"",""Chocolate"",""Ladder"",""Bookshelf"",""Chocolate"",""Helicopter"",""Structure"",""Mountain"",""Traffic"",""Traffic"",""Bookshelf"",""Bookshelf"",""Umbrella"",""Community"",""Military"",""Elephant"",""Stomach"",""Doorway"",""Structure"",""Stomach"",""Structure"",""Ladder"",""Stomach"",""Umbrella"",""Military"",""Military"",""Helicopter"",""Keyboard"",""Basket"",""Umbrella"",""Football"",""Sunlight"",""Structure"",""Community"",""Stomach"",""Chocolate"",""Football"",""Elephant"",""Elephant"",""Wedding"",""Doorway"",""Wedding""]","[""3"",""1"",""5"",""1"",""5"",""4"",""3"",""1"",""3"",""4"",""3"",""4"",""2"",""4"",""5"",""1"",""2"",""1"",""2"",""2"",""2"",""3"",""1"",""5"",""5"",""5"",""4"",""4"",""4"",""3"",""5"",""2"",""5"",""3"",""1"",""3"",""4"",""2"",""4"",""4"",""4"",""1"",""1"",""1"",""2"",""1"",""5"",""4"",""5"",""5"",""2"",""1"",""2"",""5"",""1"",""5"",""4"",""1"",""4"",""2"",""1"",""2"",""3"",""4"",""5"",""2"",""5"",""1"",""3"",""1"",""3"",""1"",""4"",""5"",""5"",""3"",""4"",""3"",""1"",""2"",""1"",""2"",""2"",""4"",""3"",""5"",""1"",""1"",""2"",""2"",""2"",""5"",""3"",""3"",""4"",""1"",""3"",""4"",""3"",""1"",""4"",""2"",""3"",""3"",""4"",""3"",""5"",""2"",""2"",""5"",""3"",""5"",""4"",""2"",""2"",""3"",""3"",""1"",""1"",""1""]","[""military"",""ladder"",""community"",""wedding"",""sunlight"",""helicopter"",""military"",""doorway"",""structure"",""fortune"",""elephant"",""fortune"",""bookshelf"",""stomach"",""mountain"",""ladder"",""football"",""traffic"",""bookshelf"",""football"",""umbrella"",""keyboard"",""traffic"",""mountain"",""basket"",""mountain"",""helicopter"",""machine"",""helicopter"",""military"",""sunlight"",""umbrella"",""basket"",""military"",""ladder"",""military"",""machine"",""umbrella"",""fortune"",""machine"",""fortune"",""wedding"",""traffic"",""ladder"",""football"",""wedding"",""sunlight"",""stomach"",""sunlight"",""community"",""machine"",""wedding"",""football"",""sunlight"",""traffic"",""community"",""fortune"",""wedding"",""helicopter"",""football"",""wedding"",""chocolate"",""keyboard"",""fortune"",""sunlight"",""umbrella"",""basket"",""ladder"",""elephant"",""traffic"",""keyboard"",""doorway"",""helicopter"",""community"",""basket"",""keyboard"",""helicopter"",""elephant"",""ladder"",""chocolate"",""ladder"",""bookshelf"",""chocolate"",""helicopter"",""structure"",""mountain"",""traffic"",""traffic"",""bookshelf"",""bookshelf"",""umbrella"",""community"",""military"",""elephant"",""stomach"",""doorway"",""structure"",""stomach"",""structure"",""ladder"",""stomach"",""umbrella"",""military"",""military"",""helicopter"",""keyboard"",""basket"",""umbrella"",""football"",""sunlight"",""structure"",""community"",""stomach"",""chocolate"",""football"",""elephant"",""elephant"",""wedding"",""doorway"",""wedding""]","[3,-1,-5,1,-5,-4,3,-1,-3,4,3,4,-2,4,5,-1,-2,1,-2,-2,2,-3,1,5,5,5,-4,-4,-4,3,-5,2,5,3,-1,3,-4,2,4,-4,4,1,1,-1,-2,1,-5,4,-5,-5,-4,1,-2,-5,1,-5,4,1,-4,-2,1,2,-3,4,-5,2,5,-1,3,1,-3,-1,-4,-5,5,-3,-4,3,-1,2,-1,-2,2,-4,-3,5,1,1,-2,-2,2,-5,3,3,4,-1,-3,4,-3,-1,4,2,3,3,-4,-3,5,2,-2,-5,-3,-5,4,2,-2,3,3,1,-1,1]","2017-02-22 17:53:24","137"
"A2F1NAZRVIW18Y","cs_wg_v2_real3","37U1UTWH9VNDFIYFBRFBWNX0MNFR81","56463","2990778","Male","296","No","That was fun!

Thank you for letting me participate.","[0,0,1,0,0,0,0,0,0,0,0,0,0,1,0,0,1,0,0,0,0,0,0,0,1,0,0,0,0,0,1,0,1,0,1,0,0,1,1,0,1,0,0,1,1,1,1,0,0,0,0,0,1,1,0,1,1,1,1,0,1,1,1,0,0,0,1,1,1,1,1,1,1,1,1,1,1,0,1,1,1,1,0,1,0,0,1,1,1,1,0,0,1,0,0,1,0,1,0,0,1,0,0,0,1,1,1,0,1,1,1,1,1,1,1,1,1,0,1,0]","[""Elephant"",""Stomach"",""Mountain"",""Wedding"",""sunlight"",""keyboard"",""umbrella"",""keyboard"",""sunlight"",""mountain"",""football"",""Mountain"",""chocoloate"",""traffic"",""wedding"",""structure"",""Basket"",""umbrella"",""football"",""umbrella"",""elephant"",""Chocolate"",""community"",""Military"",""traffic"",""chocolate"",""Helicopter"",""Elephant"",""ladder"",""chocolate"",""elephant"",""Machine"",""doorway"",""football"",""Helicopter"",""machine"",""bookshelf"",""umbrella"",""bookshelf"",""doorway"",""traffic"",""doorway"",""Football"",""stomach"",""structure"",""ladder"",""mountain"",""machine"",""helicopter"",""fortune"",""comunity"",""traffic"",""elephant"",""elephant"",""Mountain"",""Structure"",""basket"",""bookshelf"",""basket"",""chocolate"",""wedding"",""fortune"",""fortune"",""umbrella"",""mountain"",""ladder"",""structure"",""military"",""wedding"",""umbrella"",""bookshelf"",""military"",""stomach"",""stomach"",""military"",""bookshelf"",""helicopter"",""military"",""Machine"",""Wedding"",""Chocolate"",""Traffic"",""Doorway"",""football"",""Doorway"",""community"",""Keyboard"",""Chocolate"",""Mountain"",""sunlight"",""keyboard"",""Elephant"",""Bookshelf"",""Helicopter"",""Sunlight"",""Machine"",""Stomach"",""Traffic"",""Bookshelf"",""Helicopter"",""keyboard"",""Sunlight"",""Wedding"",""sunlight"",""Chocolate"",""Elephant"",""Traffic"",""Sunlight"",""ladder"",""basket"",""doorway"",""doorway"",""fortune"",""football"",""community"",""wedding"",""wedding"",""stomach"",""structure"",""traffic""]","[""2"",""5"",""4"",""1"",""3"",""-3"",""-2"",""-3"",""3"",""4"",""-5"",""4"",""4"",""-1"",""5"",""-4"",""2"",""-2"",""-5"",""-2"",""2"",""4"",""-4"",""1"",""-1"",""4"",""3"",""2"",""-3"",""4"",""2"",""-5"",""-2"",""-5"",""3"",""-5"",""1"",""-2"",""1"",""-2"",""-1"",""-2"",""-5"",""5"",""-5"",""-3"",""4"",""-5"",""3"",""-1"",""-4"",""-1"",""2"",""2"",""4"",""-4"",""2"",""1"",""2"",""4"",""5"",""-1"",""-1"",""-2"",""4"",""-2"",""-4"",""1"",""5"",""-2"",""1"",""1"",""5"",""5"",""1"",""1"",""3"",""1"",""-5"",""1"",""4"",""-1"",""-2"",""05"",""-2"",""-4"",""-3"",""4"",""4"",""3"",""-3"",""2"",""1"",""3"",""3"",""-5"",""5"",""-1"",""1"",""3"",""-3"",""3"",""5"",""3"",""4"",""2"",""-1"",""3"",""-3"",""2"",""-2"",""-2"",""-1"",""-5"",""-4"",""5"",""5"",""5"",""-4"",""-1""]","[""elephant"",""stomach"",""mountain"",""wedding"",""sunlight"",""keyboard"",""umbrella"",""keyboard"",""sunlight"",""mountain"",""football"",""mountain"",""chocolate"",""traffic"",""wedding"",""structure"",""basket"",""umbrella"",""football"",""umbrella"",""elephant"",""chocolate"",""community"",""military"",""traffic"",""chocolate"",""helicopter"",""elephant"",""ladder"",""chocolate"",""elephant"",""machine"",""doorway"",""football"",""helicopter"",""machine"",""bookshelf"",""umbrella"",""bookshelf"",""doorway"",""traffic"",""doorway"",""football"",""stomach"",""structure"",""ladder"",""mountain"",""machine"",""helicopter"",""fortune"",""community"",""traffic"",""elephant"",""elephant"",""mountain"",""structure"",""basket"",""bookshelf"",""basket"",""chocolate"",""wedding"",""fortune"",""fortune"",""umbrella"",""mountain"",""ladder"",""structure"",""military"",""wedding"",""umbrella"",""bookshelf"",""military"",""stomach"",""stomach"",""military"",""bookshelf"",""helicopter"",""military"",""machine"",""wedding"",""chocolate"",""traffic"",""doorway"",""football"",""doorway"",""community"",""keyboard"",""chocolate"",""mountain"",""sunlight"",""keyboard"",""elephant"",""bookshelf"",""helicopter"",""sunlight"",""machine"",""stomach"",""traffic"",""bookshelf"",""helicopter"",""keyboard"",""sunlight"",""wedding"",""sunlight"",""chocolate"",""elephant"",""traffic"",""sunlight"",""ladder"",""basket"",""doorway"",""doorway"",""fortune"",""football"",""community"",""wedding"",""wedding"",""stomach"",""structure"",""traffic""]","[2,5,4,5,3,-3,-2,-3,3,4,-5,4,4,-1,5,-4,2,-2,-5,-2,2,4,-4,1,-1,4,3,2,-3,4,2,-5,-2,-5,3,-5,1,-2,1,-2,-1,-2,-5,5,-4,-3,4,-5,3,-1,-4,-1,2,2,4,-4,2,1,2,4,5,-1,-1,-2,4,-3,-4,1,5,-2,1,1,5,5,1,1,3,1,-5,5,4,-1,-2,-5,-2,-4,-3,4,4,3,-3,2,1,3,3,-5,5,-1,1,3,-3,3,5,3,4,2,-1,3,-3,2,-2,-2,-1,-5,-4,5,5,5,-4,-1]","2017-02-22 17:54:08","138"
"A2MQ6VUSKCQ9FH","cs_wg_v2_real3","3M81GAB8A0KW5FHM1OALIZDWY7YBQJ","107595","4010528","Male","290","No","My strategy for part 2 was to think of the words themselves. I tried memorizing them from part 1 by assigning them to be good or bad and using things to remind myself of them. For example an elephant would cause major damage if it sat on you (elephant lost 5 points). I used the notepad provided to write out the alphabet a lot because many of the questions involved letter spacing. Having the alphabet listed made it easier to compare the words in my head. I did a similar approach with the question","[1,0,0,0,0,0,0,0,1,0,1,0,0,0,1,1,0,1,0,0,0,1,1,0,0,0,1,0,1,0,0,0,0,0,0,0,0,1,1,0,0,1,0,1,1,1,1,1,0,1,1,1,0,0,0,0,0,1,1,0,1,0,1,0,1,0,0,0,1,0,0,1,1,0,1,0,0,1,0,0,1,1,1,0,0,1,0,0,0,1,1,1,0,1,1,1,0,0,0,0,1,0,0,0,1,0,1,1,0,0,1,0,0,0,0,0,0,1,0,1]","[""community"",""bookshelf"",""chocolate"",""bookshelf"",""basket"",""umbrella"",""basket"",""elephant"",""wedding"",""stomach"",""machine"",""traffic"",""helicopter"",""military"",""helicopter"",""military"",""mountain"",""structure"",""military"",""helicopter"",""chocolate"",""stomach"",""sunlight"",""sunlight"",""machine"",""machine"",""bookshelf"",""elephant"",""traffic"",""bookshelf"",""helicopter"",""fortune"",""wedding"",""sunlight"",""keyboard"",""wedding"",""fortune"",""keyboard"",""structure"",""doorway"",""machine"",""ladder"",""fortune"",""keyboard"",""helicopter"",""stomach"",""stomach"",""traffic"",""chocolate"",""stomach"",""stomach"",""umbrella"",""sunlight"",""military"",""community"",""machine"",""stomach"",""wedding"",""umbrella"",""sunlight"",""traffic"",""helicopter"",""doorway"",""helicopter"",""wedding"",""football"",""community"",""umbrella"",""basket"",""fortune"",""doorway"",""doorway"",""elephant"",""mountain"",""structure"",""wedding"",""wedding"",""community"",""ladder"",""mountain"",""football"",""mountain"",""community"",""football"",""chocolate"",""machine"",""chocolate"",""structure"",""ladder"",""traffic"",""umbrella"",""community"",""ladder"",""keyboard"",""stomach"",""fortune"",""helicopter"",""structure"",""bookshelf"",""basket"",""wedding"",""ladder"",""bookshelf"",""traffic"",""football"",""umbrella"",""mountain"",""mountain"",""chocolate"",""machine"",""military"",""mountain"",""doorway"",""bookshelf"",""ladder"",""elephant"",""fortune"",""ladder"",""machine"",""traffic""]","[""-4"",""1"",""1"",""1"",""4"",""-2"",""4"",""-5"",""-5"",""-4"",""4"",""-1"",""3"",""-3"",""3"",""-3"",""2"",""-1"",""-3"",""3"",""1"",""-4"",""-3"",""-3"",""4"",""4"",""1"",""-5"",""-1"",""1"",""3"",""-2"",""-5"",""-3"",""2"",""-5"",""-2"",""2"",""-1"",""5"",""4"",""5"",""-2"",""2"",""3"",""-4"",""-4"",""-1"",""1"",""-4"",""-4"",""-2"",""-3"",""-3"",""-4"",""4"",""-4"",""-5"",""-2"",""-3"",""-1"",""3"",""5"",""3"",""-5"",""3"",""-4"",""-2"",""4"",""-2"",""5"",""5"",""-5"",""2"",""-1"",""-5"",""-5"",""-4"",""5"",""2"",""3"",""2"",""-4"",""3"",""1"",""4"",""1"",""-1"",""5"",""-1"",""-2"",""-4"",""5"",""2"",""-4"",""-2"",""3"",""-1"",""1"",""4"",""-5"",""5"",""1"",""-1"",""3"",""-2"",""2"",""2"",""1"",""4"",""-3"",""2"",""5"",""1"",""5"",""-5"",""-2"",""5"",""4"",""-1""]","[""community"",""bookshelf"",""chocolate"",""bookshelf"",""basket"",""umbrella"",""basket"",""elephant"",""wedding"",""stomach"",""machine"",""traffic"",""helicopter"",""military"",""helicopter"",""military"",""mountain"",""structure"",""military"",""helicopter"",""chocolate"",""stomach"",""sunlight"",""sunlight"",""machine"",""machine"",""bookshelf"",""elephant"",""traffic"",""bookshelf"",""helicopter"",""fortune"",""wedding"",""sunlight"",""keyboard"",""wedding"",""fortune"",""keyboard"",""structure"",""doorway"",""machine"",""ladder"",""fortune"",""keyboard"",""helicopter"",""stomach"",""stomach"",""traffic"",""chocolate"",""stomach"",""stomach"",""umbrella"",""sunlight"",""military"",""community"",""machine"",""stomach"",""wedding"",""umbrella"",""sunlight"",""traffic"",""helicopter"",""doorway"",""helicopter"",""wedding"",""football"",""community"",""umbrella"",""basket"",""fortune"",""doorway"",""doorway"",""elephant"",""mountain"",""structure"",""wedding"",""wedding"",""community"",""ladder"",""mountain"",""football"",""mountain"",""community"",""football"",""chocolate"",""machine"",""chocolate"",""structure"",""ladder"",""traffic"",""umbrella"",""community"",""ladder"",""keyboard"",""stomach"",""fortune"",""helicopter"",""structure"",""bookshelf"",""basket"",""wedding"",""ladder"",""bookshelf"",""traffic"",""football"",""umbrella"",""mountain"",""mountain"",""chocolate"",""machine"",""military"",""mountain"",""doorway"",""bookshelf"",""ladder"",""elephant"",""fortune"",""ladder"",""machine"",""traffic""]","[-4,1,1,1,4,-2,4,-5,-5,-4,4,-1,3,-3,3,-3,2,-1,-3,3,1,-4,-3,-3,4,4,1,-5,-1,1,3,-2,-5,-3,2,-5,-2,2,-1,5,4,5,-2,2,3,-4,-4,-1,1,-4,-4,-2,-3,-3,-4,4,-4,-5,-2,-3,-1,3,5,3,-5,3,-4,-2,4,-2,5,5,-5,2,-1,-5,-5,-4,5,2,3,2,-4,3,1,4,1,-1,5,-1,-2,-4,5,2,-4,-2,3,-1,1,4,-5,5,1,-1,3,-2,2,2,1,4,-3,2,5,1,5,-5,-2,5,4,-1]","2017-02-22 19:09:03","139"
